# amostra,estacao,CC,saida
38,1,4.70934,5
39,2,7.06401,5
40,3,,5
41,4,14.12802,5
42,5,11.302416,5
43,6,2.1785073745e-14,5
44,7,11.77335,5
45,8,1.63388053087e-14,5
46,9,9.41868,5
47,10,-1.883736,5
48,11,-58.86675,5
49,12,4.70934,5
50,13,-1.56978,5
51,14,14.65128,5
52,15,3.13956,5
53,16,2.35467,5
54,17,-13.186152,5
55,18,0.0,5
56,19,6.27912,5
57,20,11.302416,5
58,21,-0.856243636364,5
